{"total rewards": -1.809999999999984, "_timestamp": 1699847921.9942105, "_runtime": 112.45694851875305, "_step": 10, "_wandb": {"runtime": 116}}