{"total rewards": -1.4499999999999917, "_timestamp": 1699847712.1666224, "_runtime": 14.867514371871948, "_step": 9, "_wandb": {"runtime": 14}}