{"total rewards": -0.1400000000000008, "_timestamp": 1699847561.2146256, "_runtime": 74.3666524887085, "_step": 8, "_wandb": {"runtime": 167}}